{
    "size": [
        1,
        2,
        4,
        6,
        8,
        10,
        12,
        15,
        20,
        25,
        30,
        35,
        40,
        45,
        50,
        55
    ],
    "milp_obj": [
        0.13245101199404932,
        0.36970886869107417,
        0.47725911978829844,
        0.8344394382448048,
        0.7791709749049974,
        1.2021356804912968,
        1.5915957230178284,
        2.112477685215395,
        2.6851210759801774,
        3.657943384229814,
        3.664286178787829,
        4.240537563991271,
        5.470764306125222,
        5.955701156571094,
        7.189291241307736,
        7.5109764785147295
    ],
    "milp_time": [
        25.419782638549805,
        16.43411350250244,
        28.01188349723816,
        71.45788192749023,
        65.89695405960083,
        90.05262112617493,
        120.1600182056427,
        237.05148482322693,
        293.32816886901855,
        1244.3580498695374,
        1611.8608297109604,
        1979.3636095523834,
        2243.2412004470825,
        1669.7188501358032,
        3313.441586256027,
        8747.663268566132
    ],
    "greedy_obj": [
        0.13245101199404938,
        0.3697088686910743,
        0.4772591197882985,
        0.8344394382448048,
        0.7791709749049972,
        1.2043458082570297,
        1.5915957230178295,
        2.1128586352939154,
        2.6856395687340386,
        3.6895669484266986,
        3.6677417998173056,
        4.240537563991279,
        5.484021203533635,
        5.957656834074525,
        7.8934678149640956,
        8.09821969353242
    ],
    "greedy_time": [
        0.4205660820007324,
        0.054482221603393555,
        0.4959836006164551,
        0.058361053466796875,
        0.05811119079589844,
        0.06883931159973145,
        0.06297779083251953,
        0.0704646110534668,
        0.08101224899291992,
        0.08427262306213379,
        0.08136343955993652,
        0.0765080451965332,
        0.0779881477355957,
        0.07007384300231934,
        0.10004973411560059,
        0.15586090087890625
    ],
    "opt_obj": [
        0.13245101199404938,
        0.3697088686910743,
        0.4772591197882985,
        0.8344394382448048,
        0.7791709749049972,
        1.2021356804912968,
        1.5915957230178295,
        2.112477685215395,
        2.685121075980179,
        3.688650367855685,
        3.6677417998173056,
        4.240537563991279,
        5.484021203533635,
        5.955701156571098,
        7.865705379754468,
        8.032581358372731
    ],
    "opt_time": [
        0.8912405967712402,
        0.5899345874786377,
        0.9741301536560059,
        0.5452463626861572,
        0.5662243366241455,
        0.6363015174865723,
        0.5643346309661865,
        0.6650040149688721,
        0.7611989974975586,
        0.730931282043457,
        0.7668428421020508,
        0.6246199607849121,
        0.6253793239593506,
        0.5856156349182129,
        0.7917068004608154,
        1.1006290912628174
    ]
}