{
  "size": [
    2,
    3,
    4,
    5,
    6,
    7,
    8,
    9,
    10,
    11
  ],
  "milp_obj": [
    0.7042701384220238,
    1.0877644650478218,
    1.4758774899528344,
    1.8886701496626683,
    2.311442643830447,
    2.6610690604567937,
    3.116657890024495,
    3.578335932974369,
    4.041045179768861,
    4.504037008826324
  ],
  "milp_time": [
    7.067564010620117,
    9.747402429580688,
    11.138989925384521,
    14.684048414230347,
    19.676960945129395,
    21.774677991867065,
    28.262381076812744,
    38.606080770492554,
    42.69145655632019,
    42.38563847541809
  ],
  "greedy_obj": [
    0.7042701384220238,
    1.0877644650478222,
    1.476548102872387,
    1.889440935531347,
    2.312337080496995,
    2.766815341053393,
    3.232266675361114,
    3.696864457090001,
    4.150704941696459,
    4.616233912859033
  ],
  "greedy_time": [
    0.15813302993774414,
    0.059477806091308594,
    0.05912423133850098,
    0.06932210922241211,
    0.07908415794372559,
    0.07775163650512695,
    0.07643628120422363,
    0.08020782470703125,
    0.08170413970947266,
    0.08953571319580078
  ],
  "opt_obj": [
    0.7042701384220238,
    1.0877644650478222,
    1.476548102872387,
    1.889440935531347,
    2.312337080496995,
    2.766815341053393,
    3.2294075659373243,
    3.690406838101146,
    4.150704941696459,
    4.613510931751423
  ],
  "opt_time": [
    0.4950566291809082,
    0.3889634609222412,
    0.39954376220703125,
    0.44603967666625977,
    0.5210185050964355,
    0.48186659812927246,
    0.48371267318725586,
    0.5066666603088379,
    0.47072553634643555,
    0.511315107345581
  ],
  "milp_cost": [
    233834.40666666668,
    338946.6066666667,
    478880.02333333314,
    585934.62,
    733570.6033333333,
    845092.7033333258,
    981465.2733333333,
    1110725.7,
    1230485.6799999997,
    1389298.49
  ],
  "opt_cost": [
    233834.40666666668,
    338946.6066666667,
    485306.70666666667,
    593453.98,
    743398.6166666667,
    853874.6133333333,
    1010515.5233333333,
    1086096.2466666666,
    1235256.1433333333,
    1389761.7066666668
  ],
  "milp_emis": [
    38676.578,
    55935.117999999995,
    78347.09299999996,
    95311.99399999999,
    118341.114,
    136869.59399999882,
    157841.808,
    179916.66,
    199776.86099999998,
    226541.113
  ],
  "opt_emis": [
    38676.577999999994,
    55935.118,
    79702.968,
    96895.42599999999,
    120517.75,
    137553.031,
    163725.618,
    176004.446,
    200583.422,
    226679.028
  ],
  "milp_time_min": [
    3011.0,
    4294.0,
    6501.999999999998,
    9070.0,
    11158.0,
    12440.999999999836,
    15129.0,
    16805.0,
    20570.999999999978,
    22253.0
  ],
  "opt_time_min": [
    3011,
    4294,
    6502,
    9070,
    11158,
    13846,
    15524,
    19292,
    22015,
    23693
  ]
}