{
  "size": [
    2,
    3,
    4,
    5,
    6,
    7,
    8,
    9,
    10,
    11
  ],
  "milp_obj": [
    0.22763234585936032,
    0.3710432344314601,
    0.5411799710681432,
    0.7183378500280885,
    0.89910222052257,
    1.0119094086416205,
    1.1958549995866101,
    1.3978429863031003,
    1.619100612922517,
    1.8383081308132623
  ],
  "milp_time": [
    8.982057332992554,
    11.559009313583374,
    14.597480773925781,
    17.108046054840088,
    22.15401816368103,
    31.62246346473694,
    30.484697341918945,
    40.84337854385376,
    50.254457235336304,
    50.67589068412781
  ],
  "greedy_obj": [
    0.22763234585936032,
    0.3714524124296703,
    0.5415061971846102,
    0.7192454985714318,
    0.8999450481791381,
    1.0782108256548308,
    1.2667212914884638,
    1.504309324667359,
    1.7250465904607006,
    1.9444018566611516
  ],
  "greedy_time": [
    0.195204496383667,
    0.07283711433410645,
    0.07698488235473633,
    0.0798482894897461,
    0.08374977111816406,
    0.0856180191040039,
    0.08881425857543945,
    0.0912926197052002,
    0.09760761260986328,
    0.11624526977539062
  ],
  "opt_obj": [
    0.22763234585936032,
    0.3714524124296703,
    0.5415061971846102,
    0.7192454985714318,
    0.8999450481791381,
    1.0782108256548308,
    1.2667212914884638,
    1.504309324667359,
    1.7250465904607006,
    1.9444018566611516
  ],
  "opt_time": [
    0.6242175102233887,
    0.49890804290771484,
    0.533954381942749,
    0.5361754894256592,
    0.5611729621887207,
    0.5505788326263428,
    0.552454948425293,
    0.5357093811035156,
    0.589216947555542,
    0.5926904678344727
  ],
  "status": [
    "Optimal",
    "Optimal",
    "Optimal",
    "Optimal",
    "Optimal",
    "Optimal",
    "Optimal",
    "Optimal",
    "Optimal",
    "Optimal"
  ]
}