solved,objective,total_cost,total_emissions,total_time,consolidation_rate,share_road,share_rail,share_ship,share_air,method,runtime,status,cap_scale
17,2.657667369886043,1362641.3166666667,125351.916,398598,0.0,0.06167226578519054,0.018517360634062237,0.8473652992857226,0.07244507429502466,heuristic,10.753412969999772,Feasible,0.25
29,5.635426417188843,5594947.873333333,731214.1505,698328,0.27586206896551724,0.04589510931017581,0.02823750029699142,0.6991766087274808,0.22669078166535206,heuristic,3.633341131000634,Feasible,0.5
29,5.648676698505803,5593597.873333333,730944.1505,698328,0.3448275862068966,0.04589510931017581,0.02823750029699142,0.6991766087274808,0.22669078166535206,heuristic,3.6307219970003644,Feasible,0.75
29,5.644348010557318,5592097.873333333,730634.1505,698328,0.41379310344827586,0.04589510931017581,0.02823750029699142,0.6991766087274808,0.22669078166535206,heuristic,4.509176503001072,Feasible,1.0
29,5.643921568458549,5591947.873333333,730604.1505,698328,0.41379310344827586,0.04589510931017581,0.02823750029699142,0.6991766087274808,0.22669078166535206,heuristic,4.611899390001781,Feasible,1.5
29,5.643921568458549,5591947.873333333,730604.1505,698328,0.41379310344827586,0.04589510931017581,0.02823750029699142,0.6991766087274808,0.22669078166535206,heuristic,4.647114950999821,Feasible,2.0
29,5.643921568458549,5591947.873333333,730604.1505,698328,0.41379310344827586,0.04589510931017581,0.02823750029699142,0.6991766087274808,0.22669078166535206,heuristic,4.415653244999703,Feasible,4.0
