solved,objective,total_cost,total_emissions,total_time,consolidation_rate,share_road,share_rail,share_ship,share_air,method,runtime,status,scenario,num_variables,num_constraints
6,3.1647338098860534,2600140.8600000003,439071.43,18777.0,0.0,0.04812185643032093,0.010847183833594695,0.0,0.9410309597360843,heuristic,0.37797904500257573,Feasible,kostenorientiert,,
6,3.164733809886052,2600140.8600000003,439071.43,18777.0,0.0,0.048121856430320915,0.010847183833594693,0.0,0.9410309597360843,solver,128.33174593299918,Optimal,kostenorientiert,368703.0,287242.0
6,2.9320591065766317,2626004.7833333337,447087.425,14984.0,0.0,0.024331037529926717,0.0,0.0,0.9756689624700733,heuristic,0.14236704300128622,Feasible,ausgewogen,,
6,2.9320591065766295,2626004.7833333337,447087.425,14984.0,0.0,0.024331037529926717,0.0,0.0,0.9756689624700733,solver,97.54580030500074,Optimal,ausgewogen,368703.0,287242.0
