{
  "size": [
    1,
    2,
    3,
    5,
    8,
    12,
    16,
    20,
    25,
    30
  ],
  "milp_obj": [
    0.1475061312297846,
    0.1747561636069702,
    0.3516784731042179,
    0.7979984877593594,
    1.7596471129497449,
    2.6461745749925156,
    3.310495710233514,
    4.063135760188397,
    5.129927172147435,
    6.036636290567201
  ],
  "milp_time": [
    3.939936876296997,
    6.408726930618286,
    8.921350955963135,
    14.026547193527222,
    21.569606065750122,
    33.37515187263489,
    47.756064891815186,
    67.64610958099365,
    79.42599487304688,
    95.39813256263733
  ],
  "greedy_obj": [
    0.1475061312297846,
    0.17475616360697027,
    0.35167847310421807,
    0.7979984877593597,
    1.759647112949747,
    2.646174574992519,
    3.3104957102335146,
    4.0631357601883975,
    5.129927172147425,
    6.036579557229655
  ],
  "greedy_time": [
    0.06132030487060547,
    0.06075692176818848,
    0.06400179862976074,
    0.06737852096557617,
    0.08623981475830078,
    0.0896461009979248,
    0.12239670753479004,
    0.11355423927307129,
    0.13476920127868652,
    0.12948894500732422
  ],
  "opt_obj": [
    0.1475061312297846,
    0.17475616360697027,
    0.35167847310421807,
    0.7979984877593597,
    1.759647112949747,
    2.646174574992519,
    3.3104957102335146,
    4.0631357601883975,
    5.129927172147425,
    6.036579557229655
  ],
  "opt_time": [
    0.48372435569763184,
    0.4424867630004883,
    0.4263882637023926,
    0.4691147804260254,
    0.48887062072753906,
    0.493513822555542,
    0.6431024074554443,
    0.6718993186950684,
    0.6631367206573486,
    0.6900272369384766
  ]
}