instance,method,shipment_count,route_count,time_limit_sec,status,is_optimal,runtime_sec,objective_value,total_cost_eur,total_emissions_kg,total_time_min,road_share_pct,rail_share_pct,air_share_pct,ship_share_pct,lambda,cost_weight,emissions_weight,time_weight
small,HiGHS MILP,3,10,15,Optimal,True,4.400,0.002861,921.27,125.35,346.00,100.00,0.00,0.00,0.00,0,1.000000,0.000000,0.000000
small,HiGHS MILP,3,10,15,Optimal,True,4.103,0.002808,921.27,125.35,346.00,100.00,0.00,0.00,0.00,0.1,0.909091,0.090909,0.000000
small,HiGHS MILP,3,10,15,Optimal,True,4.288,0.002669,921.27,125.35,346.00,100.00,0.00,0.00,0.00,0.5,0.666667,0.333333,0.000000
small,HiGHS MILP,3,10,15,Optimal,True,4.290,0.002573,921.27,125.35,346.00,100.00,0.00,0.00,0.00,1,0.500000,0.500000,0.000000
small,HiGHS MILP,3,10,15,Optimal,True,4.448,0.002478,921.27,125.35,346.00,100.00,0.00,0.00,0.00,2,0.333333,0.666667,0.000000
small,HiGHS MILP,3,10,15,Optimal,True,4.481,0.002382,921.27,125.35,346.00,100.00,0.00,0.00,0.00,5,0.166667,0.833333,0.000000
